{"meta":{"count":4,"db_response_time_ms":150,"page":1,"per_page":25,"groups_count":null},"results":[{"id":"https://openalex.org/W2149452338","doi":"https://doi.org/10.1145/1735970.1736033","title":"Probabilistic job symbiosis modeling for SMT processor scheduling","display_name":"Probabilistic job symbiosis modeling for SMT processor scheduling","relevance_score":1460.3461,"publication_year":2010,"publication_date":"2010-03-05","ids":{"openalex":"https://openalex.org/W2149452338","doi":"https://doi.org/10.1145/1735970.1736033","mag":"2149452338"},"language":"en","primary_location":{"is_oa":false,"landing_page_url":"https://doi.org/10.1145/1735970.1736033","pdf_url":null,"source":{"id":"https://openalex.org/S4210193905","display_name":"ACM SIGARCH Computer Architecture News","issn_l":"0163-5964","issn":["0163-5964","1943-5851"],"is_oa":false,"is_in_doaj":false,"is_indexed_in_scopus":false,"is_core":true,"host_organization":"https://openalex.org/P4310320740","host_organization_name":"ACM SIGARCH","host_organization_lineage":["https://openalex.org/P4310320740"],"host_organization_lineage_names":["ACM SIGARCH"],"type":"journal"},"license":null,"license_id":null,"version":null,"is_accepted":false,"is_published":false},"type":"article","type_crossref":"journal-article","indexed_in":["crossref"],"open_access":{"is_oa":false,"oa_status":"closed","oa_url":"https://biblio.ugent.be/publication/922454/file/4133876","any_repository_has_fulltext":true},"authorships":[{"author_position":"first","author":{"id":"https://openalex.org/A5057014492","display_name":"Stijn Eyerman","orcid":"https://orcid.org/0000-0002-2587-7541"},"institutions":[{"id":"https://openalex.org/I32597200","display_name":"Ghent University","ror":"https://ror.org/00cv9y106","country_code":"BE","type":"funder","lineage":["https://openalex.org/I32597200"]}],"countries":["BE"],"is_corresponding":false,"raw_author_name":"Stijn Eyerman","raw_affiliation_strings":["Ghent University, Gent, Belgium"],"affiliations":[{"raw_affiliation_string":"Ghent University, Gent, Belgium","institution_ids":["https://openalex.org/I32597200"]}]},{"author_position":"last","author":{"id":"https://openalex.org/A5033119975","display_name":"Lieven Eeckhout","orcid":"https://orcid.org/0000-0001-8792-4473"},"institutions":[{"id":"https://openalex.org/I32597200","display_name":"Ghent University","ror":"https://ror.org/00cv9y106","country_code":"BE","type":"funder","lineage":["https://openalex.org/I32597200"]}],"countries":["BE"],"is_corresponding":false,"raw_author_name":"Lieven Eeckhout","raw_affiliation_strings":["Ghent University, Gent, Belgium"],"affiliations":[{"raw_affiliation_string":"Ghent University, Gent, Belgium","institution_ids":["https://openalex.org/I32597200"]}]}],"institution_assertions":[],"countries_distinct_count":1,"institutions_distinct_count":1,"corresponding_author_ids":[],"corresponding_institution_ids":[],"apc_list":null,"apc_paid":null,"fwci":6.746,"has_fulltext":true,"fulltext_origin":"ngrams","cited_by_count":60,"citation_normalized_percentile":{"value":0.941778,"is_in_top_1_percent":false,"is_in_top_10_percent":true},"cited_by_percentile_year":{"min":95,"max":96},"biblio":{"volume":"38","issue":"1","first_page":"91","last_page":"102"},"is_retracted":false,"is_paratext":false,"primary_topic":{"id":"https://openalex.org/T10054","display_name":"Parallel Computing and Optimization Techniques","score":1.0,"subfield":{"id":"https://openalex.org/subfields/1708","display_name":"Hardware and Architecture"},"field":{"id":"https://openalex.org/fields/17","display_name":"Computer Science"},"domain":{"id":"https://openalex.org/domains/3","display_name":"Physical Sciences"}},"topics":[{"id":"https://openalex.org/T10054","display_name":"Parallel Computing and Optimization Techniques","score":1.0,"subfield":{"id":"https://openalex.org/subfields/1708","display_name":"Hardware and Architecture"},"field":{"id":"https://openalex.org/fields/17","display_name":"Computer Science"},"domain":{"id":"https://openalex.org/domains/3","display_name":"Physical Sciences"}},{"id":"https://openalex.org/T10715","display_name":"Distributed and Parallel Computing Systems","score":0.9992,"subfield":{"id":"https://openalex.org/subfields/1705","display_name":"Computer Networks and Communications"},"field":{"id":"https://openalex.org/fields/17","display_name":"Computer Science"},"domain":{"id":"https://openalex.org/domains/3","display_name":"Physical Sciences"}},{"id":"https://openalex.org/T10933","display_name":"Real-Time Systems Scheduling","score":0.9978,"subfield":{"id":"https://openalex.org/subfields/1708","display_name":"Hardware and Architecture"},"field":{"id":"https://openalex.org/fields/17","display_name":"Computer Science"},"domain":{"id":"https://openalex.org/domains/3","display_name":"Physical Sciences"}}],"keywords":[{"id":"https://openalex.org/keywords/heuristics","display_name":"Heuristics","score":0.69054013},{"id":"https://openalex.org/keywords/turnaround-time","display_name":"Turnaround time","score":0.6786213}],"concepts":[{"id":"https://openalex.org/C41008148","wikidata":"https://www.wikidata.org/wiki/Q21198","display_name":"Computer science","level":0,"score":0.7070115},{"id":"https://openalex.org/C127705205","wikidata":"https://www.wikidata.org/wiki/Q5748245","display_name":"Heuristics","level":2,"score":0.69054013},{"id":"https://openalex.org/C176553487","wikidata":"https://www.wikidata.org/wiki/Q7855819","display_name":"Turnaround time","level":2,"score":0.6786213},{"id":"https://openalex.org/C49937458","wikidata":"https://www.wikidata.org/wiki/Q2599292","display_name":"Probabilistic logic","level":2,"score":0.6029535},{"id":"https://openalex.org/C206729178","wikidata":"https://www.wikidata.org/wiki/Q2271896","display_name":"Scheduling (production processes)","level":2,"score":0.60276234},{"id":"https://openalex.org/C138101251","wikidata":"https://www.wikidata.org/wiki/Q213092","display_name":"Thread (computing)","level":2,"score":0.4887483},{"id":"https://openalex.org/C68387754","wikidata":"https://www.wikidata.org/wiki/Q7271585","display_name":"Schedule","level":2,"score":0.47363845},{"id":"https://openalex.org/C120314980","wikidata":"https://www.wikidata.org/wiki/Q180634","display_name":"Distributed computing","level":1,"score":0.4616858},{"id":"https://openalex.org/C111873713","wikidata":"https://www.wikidata.org/wiki/Q1641413","display_name":"Job scheduler","level":3,"score":0.43478188},{"id":"https://openalex.org/C79403827","wikidata":"https://www.wikidata.org/wiki/Q3988","display_name":"Real-time computing","level":1,"score":0.32619935},{"id":"https://openalex.org/C127413603","wikidata":"https://www.wikidata.org/wiki/Q11023","display_name":"Engineering","level":0,"score":0.16680777},{"id":"https://openalex.org/C111919701","wikidata":"https://www.wikidata.org/wiki/Q9135","display_name":"Operating system","level":1,"score":0.16207144},{"id":"https://openalex.org/C21547014","wikidata":"https://www.wikidata.org/wiki/Q1423657","display_name":"Operations management","level":1,"score":0.15564549},{"id":"https://openalex.org/C154945302","wikidata":"https://www.wikidata.org/wiki/Q11660","display_name":"Artificial intelligence","level":1,"score":0.12748766},{"id":"https://openalex.org/C79974875","wikidata":"https://www.wikidata.org/wiki/Q483639","display_name":"Cloud computing","level":2,"score":0.0}],"mesh":[],"locations_count":2,"locations":[{"is_oa":false,"landing_page_url":"https://doi.org/10.1145/1735970.1736033","pdf_url":null,"source":{"id":"https://openalex.org/S4210193905","display_name":"ACM SIGARCH Computer Architecture News","issn_l":"0163-5964","issn":["0163-5964","1943-5851"],"is_oa":false,"is_in_doaj":false,"is_indexed_in_scopus":false,"is_core":true,"host_organization":"https://openalex.org/P4310320740","host_organization_name":"ACM SIGARCH","host_organization_lineage":["https://openalex.org/P4310320740"],"host_organization_lineage_names":["ACM SIGARCH"],"type":"journal"},"license":null,"license_id":null,"version":null,"is_accepted":false,"is_published":false},{"is_oa":true,"landing_page_url":"https://biblio.ugent.be/publication/922454/file/4133876","pdf_url":"https://biblio.ugent.be/publication/922454/file/4133876","source":{"id":"https://openalex.org/S4306400478","display_name":"Ghent University Academic Bibliography (Ghent University)","issn_l":null,"issn":null,"is_oa":true,"is_in_doaj":false,"is_indexed_in_scopus":false,"is_core":false,"host_organization":"https://openalex.org/I32597200","host_organization_name":"Ghent University","host_organization_lineage":["https://openalex.org/I32597200"],"host_organization_lineage_names":["Ghent University"],"type":"repository"},"license":null,"license_id":null,"version":"publishedVersion","is_accepted":true,"is_published":true}],"best_oa_location":{"is_oa":true,"landing_page_url":"https://biblio.ugent.be/publication/922454/file/4133876","pdf_url":"https://biblio.ugent.be/publication/922454/file/4133876","source":{"id":"https://openalex.org/S4306400478","display_name":"Ghent University Academic Bibliography (Ghent University)","issn_l":null,"issn":null,"is_oa":true,"is_in_doaj":false,"is_indexed_in_scopus":false,"is_core":false,"host_organization":"https://openalex.org/I32597200","host_organization_name":"Ghent University","host_organization_lineage":["https://openalex.org/I32597200"],"host_organization_lineage_names":["Ghent University"],"type":"repository"},"license":null,"license_id":null,"version":"publishedVersion","is_accepted":true,"is_published":true},"sustainable_development_goals":[{"id":"https://metadata.un.org/sdg/8","display_name":"Decent work and economic growth","score":0.41}],"grants":[],"datasets":[],"versions":[],"referenced_works_count":33,"referenced_works":["https://openalex.org/W141689758","https://openalex.org/W163778977","https://openalex.org/W1860590114","https://openalex.org/W1985089255","https://openalex.org/W1985539519","https://openalex.org/W1987275546","https://openalex.org/W1995254820","https://openalex.org/W2085830671","https://openalex.org/W2102621631","https://openalex.org/W2103397328","https://openalex.org/W2103789410","https://openalex.org/W2106625514","https://openalex.org/W2108977887","https://openalex.org/W2112067212","https://openalex.org/W2118532220","https://openalex.org/W2119556945","https://openalex.org/W2120230074","https://openalex.org/W2126364467","https://openalex.org/W2129381159","https://openalex.org/W2129548165","https://openalex.org/W2134323253","https://openalex.org/W2138708064","https://openalex.org/W2140057257","https://openalex.org/W2143322909","https://openalex.org/W2143773524","https://openalex.org/W2153456949","https://openalex.org/W2155396321","https://openalex.org/W2168452045","https://openalex.org/W3112784795","https://openalex.org/W3141739369","https://openalex.org/W4238816702","https://openalex.org/W4243051040","https://openalex.org/W4252076096"],"related_works":["https://openalex.org/W4309344469","https://openalex.org/W2909143164","https://openalex.org/W2605582854","https://openalex.org/W2368323020","https://openalex.org/W2291191244","https://openalex.org/W2159578300","https://openalex.org/W2131830066","https://openalex.org/W2035324862","https://openalex.org/W1992029172","https://openalex.org/W1949686329"],"abstract_inverted_index":{"Symbiotic":[0],"job":[1,56,103,115,129,165,178,208,236],"scheduling":[2,179],"boosts":[3],"simultaneous":[4],"multithreading":[5],"(SMT)":[6],"processor":[7],"performance":[8,157],"by":[9,150],"co-scheduling":[10],"jobs":[11,62,194],"that":[12],"have":[13],"`compatible'":[14],"demands":[15],"on":[16],"the":[17,73,128,213],"processor's":[18],"shared":[19],"resources.":[20],"Existing":[21],"approaches":[22],"however":[23],"require":[24,121],"a":[25,29,87,122,135,156,189,222,240],"sampling":[26,123],"phase,":[27,124],"evaluate":[28],"limited":[30],"number":[31,137],"of":[32,138,159],"possible":[33,139],"co-schedules,":[34],"use":[35],"heuristics":[36],"to":[37,75,96,204,212,232],"gauge":[38],"symbiosis,":[39],"are":[40],"rigid":[41],"in":[42,99,113,192,207,235],"their":[43],"optimization":[44],"target,":[45],"and":[46,168,182,196,226],"do":[47],"not":[48,120,148],"preserve":[49],"system-level":[50,172],"priorities/shares.":[51,173],"This":[52],"paper":[53],"proposes":[54],"probabilistic":[55],"symbiosis":[57,68,104],"modeling,":[58],"which":[59,80,187,193],"predicts":[60],"whether":[61],"will":[63],"create":[64],"positive":[65],"or":[66,164],"negative":[67],"when":[69],"co-scheduled":[70],"without":[71],"requiring":[72],"co-schedule":[74,130],"be":[76,97],"evaluated.":[77],"The":[78],"model,":[79],"uses":[81],"per-thread":[82],"cycle":[83,90],"stacks":[84],"computed":[85],"through":[86],"previously":[88,214],"proposed":[89,215],"accounting":[91],"architecture,":[92],"is":[93,147],"simple":[94],"enough":[95],"used":[98],"system":[100,162],"software.":[101],"Probabilistic":[102],"modeling":[105],"provides":[106],"six":[107],"key":[108],"innovations":[109,175],"over":[110],"prior":[111],"work":[112],"symbiotic":[114,177],"scheduling:":[116],"(i)":[117],"it":[118,126,133,146,153,170],"does":[119],"(ii)":[125],"readjusts":[127],"continuously,":[131],"(iii)":[132],"evaluates":[134],"large":[136],"co-schedules":[140],"at":[141],"very":[142],"low":[143],"overhead,":[144],"(iv)":[145],"driven":[149],"heuristics,":[151],"(v)":[152],"can":[154],"optimize":[155],"target":[158],"interest":[160],"(e.g.,":[161],"throughput":[163],"turnaround":[166,209,237],"time),":[167],"(vi)":[169],"preserves":[171],"These":[174],"make":[176],"both":[180],"practical":[181],"effective.":[183],"Our":[184],"experimental":[185],"evaluation,":[186],"assumes":[188],"realistic":[190],"scenario":[191],"come":[195],"go,":[197],"reports":[198],"an":[199,227],"average":[200,228],"16%":[201],"(and":[202,230],"up":[203,231],"35%)":[205],"reduction":[206,234],"time":[210,238],"compared":[211],"SOS":[216],"(sample,":[217],"optimize,":[218],"symbios)":[219],"approach":[220],"for":[221,239],"two-thread":[223],"SMT":[224,242],"processor,":[225],"19%":[229],"45%)":[233],"four-thread":[241],"processor.":[243]},"abstract_inverted_index_v3":null,"cited_by_api_url":"https://api.openalex.org/works?filter=cites:W2149452338","counts_by_year":[{"year":2021,"cited_by_count":1},{"year":2020,"cited_by_count":2},{"year":2019,"cited_by_count":3},{"year":2018,"cited_by_count":3},{"year":2017,"cited_by_count":4},{"year":2016,"cited_by_count":9},{"year":2015,"cited_by_count":6},{"year":2014,"cited_by_count":9},{"year":2013,"cited_by_count":6},{"year":2012,"cited_by_count":9}],"updated_date":"2025-05-17T18:00:02.157401","created_date":"2016-06-24"},{"id":"https://openalex.org/W4253076565","doi":"https://doi.org/10.1145/1736020.1736033","title":"Probabilistic job symbiosis modeling for SMT processor scheduling","display_name":"Probabilistic job symbiosis modeling for SMT processor scheduling","relevance_score":1460.3461,"publication_year":2010,"publication_date":"2010-03-13","ids":{"openalex":"https://openalex.org/W4253076565","doi":"https://doi.org/10.1145/1736020.1736033"},"language":"en","primary_location":{"is_oa":false,"landing_page_url":"https://doi.org/10.1145/1736020.1736033","pdf_url":null,"source":null,"license":null,"license_id":null,"version":null,"is_accepted":false,"is_published":false},"type":"article","type_crossref":"proceedings-article","indexed_in":["crossref"],"open_access":{"is_oa":false,"oa_status":"closed","oa_url":"https://biblio.ugent.be/publication/922454/file/4133876","any_repository_has_fulltext":true},"authorships":[{"author_position":"first","author":{"id":"https://openalex.org/A5057014492","display_name":"Stijn Eyerman","orcid":"https://orcid.org/0000-0002-2587-7541"},"institutions":[{"id":"https://openalex.org/I32597200","display_name":"Ghent University","ror":"https://ror.org/00cv9y106","country_code":"BE","type":"funder","lineage":["https://openalex.org/I32597200"]}],"countries":["BE"],"is_corresponding":false,"raw_author_name":"Stijn Eyerman","raw_affiliation_strings":["Ghent University, Gent, Belgium"],"affiliations":[{"raw_affiliation_string":"Ghent University, Gent, Belgium","institution_ids":["https://openalex.org/I32597200"]}]},{"author_position":"last","author":{"id":"https://openalex.org/A5033119975","display_name":"Lieven Eeckhout","orcid":"https://orcid.org/0000-0001-8792-4473"},"institutions":[{"id":"https://openalex.org/I32597200","display_name":"Ghent University","ror":"https://ror.org/00cv9y106","country_code":"BE","type":"funder","lineage":["https://openalex.org/I32597200"]}],"countries":["BE"],"is_corresponding":false,"raw_author_name":"Lieven Eeckhout","raw_affiliation_strings":["Ghent University, Gent, Belgium"],"affiliations":[{"raw_affiliation_string":"Ghent University, Gent, Belgium","institution_ids":["https://openalex.org/I32597200"]}]}],"institution_assertions":[],"countries_distinct_count":1,"institutions_distinct_count":1,"corresponding_author_ids":[],"corresponding_institution_ids":[],"apc_list":null,"apc_paid":null,"fwci":8.279,"has_fulltext":false,"cited_by_count":60,"citation_normalized_percentile":{"value":0.988002,"is_in_top_1_percent":false,"is_in_top_10_percent":true},"cited_by_percentile_year":{"min":95,"max":96},"biblio":{"volume":null,"issue":null,"first_page":"91","last_page":"102"},"is_retracted":false,"is_paratext":false,"primary_topic":{"id":"https://openalex.org/T10054","display_name":"Parallel Computing and Optimization Techniques","score":1.0,"subfield":{"id":"https://openalex.org/subfields/1708","display_name":"Hardware and Architecture"},"field":{"id":"https://openalex.org/fields/17","display_name":"Computer Science"},"domain":{"id":"https://openalex.org/domains/3","display_name":"Physical Sciences"}},"topics":[{"id":"https://openalex.org/T10054","display_name":"Parallel Computing and Optimization Techniques","score":1.0,"subfield":{"id":"https://openalex.org/subfields/1708","display_name":"Hardware and Architecture"},"field":{"id":"https://openalex.org/fields/17","display_name":"Computer Science"},"domain":{"id":"https://openalex.org/domains/3","display_name":"Physical Sciences"}},{"id":"https://openalex.org/T10715","display_name":"Distributed and Parallel Computing Systems","score":0.9998,"subfield":{"id":"https://openalex.org/subfields/1705","display_name":"Computer Networks and Communications"},"field":{"id":"https://openalex.org/fields/17","display_name":"Computer Science"},"domain":{"id":"https://openalex.org/domains/3","display_name":"Physical Sciences"}},{"id":"https://openalex.org/T10904","display_name":"Embedded Systems Design Techniques","score":0.998,"subfield":{"id":"https://openalex.org/subfields/1708","display_name":"Hardware and Architecture"},"field":{"id":"https://openalex.org/fields/17","display_name":"Computer Science"},"domain":{"id":"https://openalex.org/domains/3","display_name":"Physical Sciences"}}],"keywords":[{"id":"https://openalex.org/keywords/heuristics","display_name":"Heuristics","score":0.7200733},{"id":"https://openalex.org/keywords/simultaneous-multithreading","display_name":"Simultaneous multithreading","score":0.5091266},{"id":"https://openalex.org/keywords/processor-scheduling","display_name":"Processor scheduling","score":0.44597414}],"concepts":[{"id":"https://openalex.org/C41008148","wikidata":"https://www.wikidata.org/wiki/Q21198","display_name":"Computer science","level":0,"score":0.7625904},{"id":"https://openalex.org/C127705205","wikidata":"https://www.wikidata.org/wiki/Q5748245","display_name":"Heuristics","level":2,"score":0.7200733},{"id":"https://openalex.org/C206729178","wikidata":"https://www.wikidata.org/wiki/Q2271896","display_name":"Scheduling (production processes)","level":2,"score":0.63635445},{"id":"https://openalex.org/C201410400","wikidata":"https://www.wikidata.org/wiki/Q1064412","display_name":"Multithreading","level":3,"score":0.6226944},{"id":"https://openalex.org/C120314980","wikidata":"https://www.wikidata.org/wiki/Q180634","display_name":"Distributed computing","level":1,"score":0.58104306},{"id":"https://openalex.org/C49937458","wikidata":"https://www.wikidata.org/wiki/Q2599292","display_name":"Probabilistic logic","level":2,"score":0.5526788},{"id":"https://openalex.org/C85717602","wikidata":"https://www.wikidata.org/wiki/Q82178","display_name":"Simultaneous multithreading","level":4,"score":0.5091266},{"id":"https://openalex.org/C173608175","wikidata":"https://www.wikidata.org/wiki/Q232661","display_name":"Parallel computing","level":1,"score":0.45405015},{"id":"https://openalex.org/C2984822820","wikidata":"https://www.wikidata.org/wiki/Q1123036","display_name":"Processor scheduling","level":3,"score":0.44597414},{"id":"https://openalex.org/C138101251","wikidata":"https://www.wikidata.org/wiki/Q213092","display_name":"Thread (computing)","level":2,"score":0.20806968},{"id":"https://openalex.org/C111919701","wikidata":"https://www.wikidata.org/wiki/Q9135","display_name":"Operating system","level":1,"score":0.1844418},{"id":"https://openalex.org/C154945302","wikidata":"https://www.wikidata.org/wiki/Q11660","display_name":"Artificial intelligence","level":1,"score":0.15810111},{"id":"https://openalex.org/C126255220","wikidata":"https://www.wikidata.org/wiki/Q141495","display_name":"Mathematical optimization","level":1,"score":0.15568885},{"id":"https://openalex.org/C68387754","wikidata":"https://www.wikidata.org/wiki/Q7271585","display_name":"Schedule","level":2,"score":0.0},{"id":"https://openalex.org/C33923547","wikidata":"https://www.wikidata.org/wiki/Q395","display_name":"Mathematics","level":0,"score":0.0}],"mesh":[],"locations_count":2,"locations":[{"is_oa":false,"landing_page_url":"https://doi.org/10.1145/1736020.1736033","pdf_url":null,"source":null,"license":null,"license_id":null,"version":null,"is_accepted":false,"is_published":false},{"is_oa":true,"landing_page_url":"https://biblio.ugent.be/publication/922454/file/4133876","pdf_url":"https://biblio.ugent.be/publication/922454/file/4133876","source":{"id":"https://openalex.org/S4306400478","display_name":"Ghent University Academic Bibliography (Ghent University)","issn_l":null,"issn":null,"is_oa":true,"is_in_doaj":false,"is_indexed_in_scopus":false,"is_core":false,"host_organization":"https://openalex.org/I32597200","host_organization_name":"Ghent University","host_organization_lineage":["https://openalex.org/I32597200"],"host_organization_lineage_names":["Ghent University"],"type":"repository"},"license":null,"license_id":null,"version":"publishedVersion","is_accepted":true,"is_published":true}],"best_oa_location":{"is_oa":true,"landing_page_url":"https://biblio.ugent.be/publication/922454/file/4133876","pdf_url":"https://biblio.ugent.be/publication/922454/file/4133876","source":{"id":"https://openalex.org/S4306400478","display_name":"Ghent University Academic Bibliography (Ghent University)","issn_l":null,"issn":null,"is_oa":true,"is_in_doaj":false,"is_indexed_in_scopus":false,"is_core":false,"host_organization":"https://openalex.org/I32597200","host_organization_name":"Ghent University","host_organization_lineage":["https://openalex.org/I32597200"],"host_organization_lineage_names":["Ghent University"],"type":"repository"},"license":null,"license_id":null,"version":"publishedVersion","is_accepted":true,"is_published":true},"sustainable_development_goals":[],"grants":[],"datasets":[],"versions":[],"referenced_works_count":23,"referenced_works":["https://openalex.org/W1985089255","https://openalex.org/W1985539519","https://openalex.org/W1987275546","https://openalex.org/W1995254820","https://openalex.org/W2085830671","https://openalex.org/W2103789410","https://openalex.org/W2106625514","https://openalex.org/W2108977887","https://openalex.org/W2118532220","https://openalex.org/W2119556945","https://openalex.org/W2120230074","https://openalex.org/W2126364467","https://openalex.org/W2129381159","https://openalex.org/W2134323253","https://openalex.org/W2138708064","https://openalex.org/W2140057257","https://openalex.org/W2143322909","https://openalex.org/W2143773524","https://openalex.org/W2153456949","https://openalex.org/W2155396321","https://openalex.org/W3141739369","https://openalex.org/W4238816702","https://openalex.org/W4252076096"],"related_works":["https://openalex.org/W4240807263","https://openalex.org/W35114839","https://openalex.org/W3142147837","https://openalex.org/W3037694350","https://openalex.org/W2913446311","https://openalex.org/W2354938433","https://openalex.org/W2118532220","https://openalex.org/W2115561485","https://openalex.org/W1987511199","https://openalex.org/W1532726325"],"abstract_inverted_index":{"Symbiotic":[0],"job":[1],"scheduling":[2],"boosts":[3],"simultaneous":[4],"multithreading":[5],"(SMT)":[6],"processor":[7],"performance":[8],"by":[9],"co-scheduling":[10],"jobs":[11],"that":[12],"have":[13],"`compatible'":[14],"demands":[15],"on":[16],"the":[17],"processor's":[18],"shared":[19],"resources.":[20],"Existing":[21],"approaches":[22],"however":[23],"require":[24],"a":[25,29],"sampling":[26],"phase,":[27],"evaluate":[28],"limited":[30],"number":[31],"of":[32],"possible":[33],"co-schedules,":[34],"use":[35],"heuristics":[36],"to":[37],"gauge":[38],"symbiosis,":[39],"are":[40],"rigid":[41],"in":[42],"their":[43],"optimization":[44],"target,":[45],"and":[46],"do":[47],"not":[48],"preserve":[49],"system-level":[50],"priorities/shares.":[51]},"abstract_inverted_index_v3":null,"cited_by_api_url":"https://api.openalex.org/works?filter=cites:W4253076565","counts_by_year":[{"year":2024,"cited_by_count":1},{"year":2023,"cited_by_count":2},{"year":2022,"cited_by_count":1},{"year":2021,"cited_by_count":1},{"year":2020,"cited_by_count":2},{"year":2019,"cited_by_count":1},{"year":2018,"cited_by_count":1},{"year":2017,"cited_by_count":5},{"year":2016,"cited_by_count":5},{"year":2015,"cited_by_count":5},{"year":2014,"cited_by_count":9},{"year":2013,"cited_by_count":7},{"year":2012,"cited_by_count":12}],"updated_date":"2025-05-23T00:46:00.727321","created_date":"2022-05-12"},{"id":"https://openalex.org/W2999459139","doi":"https://doi.org/10.1145/1735971.1736033","title":"Probabilistic job symbiosis modeling for SMT processor scheduling","display_name":"Probabilistic job symbiosis modeling for SMT processor scheduling","relevance_score":608.74445,"publication_year":2010,"publication_date":"2010-03-05","ids":{"openalex":"https://openalex.org/W2999459139","doi":"https://doi.org/10.1145/1735971.1736033","mag":"2999459139"},"language":"en","primary_location":{"is_oa":false,"landing_page_url":"https://doi.org/10.1145/1735971.1736033","pdf_url":null,"source":{"id":"https://openalex.org/S148324379","display_name":"ACM SIGPLAN Notices","issn_l":"0362-1340","issn":["0362-1340","1558-1160"],"is_oa":false,"is_in_doaj":false,"is_indexed_in_scopus":false,"is_core":true,"host_organization":"https://openalex.org/P4310319798","host_organization_name":"Association for Computing Machinery","host_organization_lineage":["https://openalex.org/P4310319798"],"host_organization_lineage_names":["Association for Computing Machinery"],"type":"journal"},"license":null,"license_id":null,"version":null,"is_accepted":false,"is_published":false},"type":"article","type_crossref":"journal-article","indexed_in":["crossref"],"open_access":{"is_oa":false,"oa_status":"closed","oa_url":null,"any_repository_has_fulltext":false},"authorships":[{"author_position":"first","author":{"id":"https://openalex.org/A5057014492","display_name":"Stijn Eyerman","orcid":"https://orcid.org/0000-0002-2587-7541"},"institutions":[{"id":"https://openalex.org/I32597200","display_name":"Ghent University","ror":"https://ror.org/00cv9y106","country_code":"BE","type":"funder","lineage":["https://openalex.org/I32597200"]}],"countries":["BE"],"is_corresponding":false,"raw_author_name":"Stijn Eyerman","raw_affiliation_strings":["Ghent University, Gent, Belgium"],"affiliations":[{"raw_affiliation_string":"Ghent University, Gent, Belgium","institution_ids":["https://openalex.org/I32597200"]}]},{"author_position":"last","author":{"id":"https://openalex.org/A5033119975","display_name":"Lieven Eeckhout","orcid":"https://orcid.org/0000-0001-8792-4473"},"institutions":[{"id":"https://openalex.org/I32597200","display_name":"Ghent University","ror":"https://ror.org/00cv9y106","country_code":"BE","type":"funder","lineage":["https://openalex.org/I32597200"]}],"countries":["BE"],"is_corresponding":false,"raw_author_name":"Lieven Eeckhout","raw_affiliation_strings":["Ghent University, Gent, Belgium"],"affiliations":[{"raw_affiliation_string":"Ghent University, Gent, Belgium","institution_ids":["https://openalex.org/I32597200"]}]}],"institution_assertions":[],"countries_distinct_count":1,"institutions_distinct_count":1,"corresponding_author_ids":[],"corresponding_institution_ids":[],"apc_list":null,"apc_paid":null,"fwci":0.0,"has_fulltext":true,"fulltext_origin":"pdf","cited_by_count":7,"citation_normalized_percentile":{"value":0.810779,"is_in_top_1_percent":false,"is_in_top_10_percent":false},"cited_by_percentile_year":{"min":82,"max":83},"biblio":{"volume":"45","issue":"3","first_page":"91","last_page":"102"},"is_retracted":false,"is_paratext":false,"primary_topic":{"id":"https://openalex.org/T10054","display_name":"Parallel Computing and Optimization Techniques","score":1.0,"subfield":{"id":"https://openalex.org/subfields/1708","display_name":"Hardware and Architecture"},"field":{"id":"https://openalex.org/fields/17","display_name":"Computer Science"},"domain":{"id":"https://openalex.org/domains/3","display_name":"Physical Sciences"}},"topics":[{"id":"https://openalex.org/T10054","display_name":"Parallel Computing and Optimization Techniques","score":1.0,"subfield":{"id":"https://openalex.org/subfields/1708","display_name":"Hardware and Architecture"},"field":{"id":"https://openalex.org/fields/17","display_name":"Computer Science"},"domain":{"id":"https://openalex.org/domains/3","display_name":"Physical Sciences"}},{"id":"https://openalex.org/T10715","display_name":"Distributed and Parallel Computing Systems","score":0.9992,"subfield":{"id":"https://openalex.org/subfields/1705","display_name":"Computer Networks and Communications"},"field":{"id":"https://openalex.org/fields/17","display_name":"Computer Science"},"domain":{"id":"https://openalex.org/domains/3","display_name":"Physical Sciences"}},{"id":"https://openalex.org/T10933","display_name":"Real-Time Systems Scheduling","score":0.9977,"subfield":{"id":"https://openalex.org/subfields/1708","display_name":"Hardware and Architecture"},"field":{"id":"https://openalex.org/fields/17","display_name":"Computer Science"},"domain":{"id":"https://openalex.org/domains/3","display_name":"Physical Sciences"}}],"keywords":[{"id":"https://openalex.org/keywords/turnaround-time","display_name":"Turnaround time","score":0.6838555},{"id":"https://openalex.org/keywords/heuristics","display_name":"Heuristics","score":0.66088873}],"concepts":[{"id":"https://openalex.org/C41008148","wikidata":"https://www.wikidata.org/wiki/Q21198","display_name":"Computer science","level":0,"score":0.834664},{"id":"https://openalex.org/C176553487","wikidata":"https://www.wikidata.org/wiki/Q7855819","display_name":"Turnaround time","level":2,"score":0.6838555},{"id":"https://openalex.org/C127705205","wikidata":"https://www.wikidata.org/wiki/Q5748245","display_name":"Heuristics","level":2,"score":0.66088873},{"id":"https://openalex.org/C206729178","wikidata":"https://www.wikidata.org/wiki/Q2271896","display_name":"Scheduling (production processes)","level":2,"score":0.5989673},{"id":"https://openalex.org/C49937458","wikidata":"https://www.wikidata.org/wiki/Q2599292","display_name":"Probabilistic logic","level":2,"score":0.57518166},{"id":"https://openalex.org/C138101251","wikidata":"https://www.wikidata.org/wiki/Q213092","display_name":"Thread (computing)","level":2,"score":0.5341263},{"id":"https://openalex.org/C68387754","wikidata":"https://www.wikidata.org/wiki/Q7271585","display_name":"Schedule","level":2,"score":0.45340768},{"id":"https://openalex.org/C120314980","wikidata":"https://www.wikidata.org/wiki/Q180634","display_name":"Distributed computing","level":1,"score":0.45231715},{"id":"https://openalex.org/C111873713","wikidata":"https://www.wikidata.org/wiki/Q1641413","display_name":"Job scheduler","level":3,"score":0.43910226},{"id":"https://openalex.org/C173608175","wikidata":"https://www.wikidata.org/wiki/Q232661","display_name":"Parallel computing","level":1,"score":0.32944164},{"id":"https://openalex.org/C111919701","wikidata":"https://www.wikidata.org/wiki/Q9135","display_name":"Operating system","level":1,"score":0.19049126},{"id":"https://openalex.org/C126255220","wikidata":"https://www.wikidata.org/wiki/Q141495","display_name":"Mathematical optimization","level":1,"score":0.15316865},{"id":"https://openalex.org/C154945302","wikidata":"https://www.wikidata.org/wiki/Q11660","display_name":"Artificial intelligence","level":1,"score":0.11284432},{"id":"https://openalex.org/C79974875","wikidata":"https://www.wikidata.org/wiki/Q483639","display_name":"Cloud computing","level":2,"score":0.0},{"id":"https://openalex.org/C33923547","wikidata":"https://www.wikidata.org/wiki/Q395","display_name":"Mathematics","level":0,"score":0.0}],"mesh":[],"locations_count":1,"locations":[{"is_oa":false,"landing_page_url":"https://doi.org/10.1145/1735971.1736033","pdf_url":null,"source":{"id":"https://openalex.org/S148324379","display_name":"ACM SIGPLAN Notices","issn_l":"0362-1340","issn":["0362-1340","1558-1160"],"is_oa":false,"is_in_doaj":false,"is_indexed_in_scopus":false,"is_core":true,"host_organization":"https://openalex.org/P4310319798","host_organization_name":"Association for Computing Machinery","host_organization_lineage":["https://openalex.org/P4310319798"],"host_organization_lineage_names":["Association for Computing Machinery"],"type":"journal"},"license":null,"license_id":null,"version":null,"is_accepted":false,"is_published":false}],"best_oa_location":null,"sustainable_development_goals":[{"id":"https://metadata.un.org/sdg/8","display_name":"Decent work and economic growth","score":0.41}],"grants":[],"datasets":[],"versions":[],"referenced_works_count":25,"referenced_works":["https://openalex.org/W1985089255","https://openalex.org/W1985539519","https://openalex.org/W1987275546","https://openalex.org/W1995254820","https://openalex.org/W2085830671","https://openalex.org/W2103789410","https://openalex.org/W2106625514","https://openalex.org/W2108977887","https://openalex.org/W2118532220","https://openalex.org/W2119556945","https://openalex.org/W2120230074","https://openalex.org/W2126364467","https://openalex.org/W2129381159","https://openalex.org/W2134323253","https://openalex.org/W2138708064","https://openalex.org/W2140057257","https://openalex.org/W2143322909","https://openalex.org/W2143773524","https://openalex.org/W2153456949","https://openalex.org/W2155396321","https://openalex.org/W3112784795","https://openalex.org/W3141739369","https://openalex.org/W4238816702","https://openalex.org/W4240049929","https://openalex.org/W4252076096"],"related_works":["https://openalex.org/W4309344469","https://openalex.org/W2909143164","https://openalex.org/W2605582854","https://openalex.org/W2368323020","https://openalex.org/W2291191244","https://openalex.org/W2159578300","https://openalex.org/W2131830066","https://openalex.org/W2035324862","https://openalex.org/W1992029172","https://openalex.org/W1949686329"],"abstract_inverted_index":{"Symbiotic":[0],"job":[1,56,103,115,129,165,178,208,236],"scheduling":[2,179],"boosts":[3],"simultaneous":[4],"multithreading":[5],"(SMT)":[6],"processor":[7],"performance":[8,157],"by":[9,150],"co-scheduling":[10],"jobs":[11,62,194],"that":[12],"have":[13],"`compatible'":[14],"demands":[15],"on":[16],"the":[17,73,128,213],"processor's":[18],"shared":[19],"resources.":[20],"Existing":[21],"approaches":[22],"however":[23],"require":[24,121],"a":[25,29,87,122,135,156,189,222,240],"sampling":[26,123],"phase,":[27,124],"evaluate":[28],"limited":[30],"number":[31,137],"of":[32,138,159],"possible":[33,139],"co-schedules,":[34],"use":[35],"heuristics":[36],"to":[37,75,96,204,212,232],"gauge":[38],"symbiosis,":[39],"are":[40],"rigid":[41],"in":[42,99,113,192,207,235],"their":[43],"optimization":[44],"target,":[45],"and":[46,168,182,196,226],"do":[47],"not":[48,120,148],"preserve":[49],"system-level":[50,172],"priorities/shares.":[51,173],"This":[52],"paper":[53],"proposes":[54],"probabilistic":[55],"symbiosis":[57,68,104],"modeling,":[58],"which":[59,80,187,193],"predicts":[60],"whether":[61],"will":[63],"create":[64],"positive":[65],"or":[66,164],"negative":[67],"when":[69],"co-scheduled":[70],"without":[71],"requiring":[72],"co-schedule":[74,130],"be":[76,97],"evaluated.":[77],"The":[78],"model,":[79],"uses":[81],"per-thread":[82],"cycle":[83,90],"stacks":[84],"computed":[85],"through":[86],"previously":[88,214],"proposed":[89,215],"accounting":[91],"architecture,":[92],"is":[93,147],"simple":[94],"enough":[95],"used":[98],"system":[100,162],"software.":[101],"Probabilistic":[102],"modeling":[105],"provides":[106],"six":[107],"key":[108],"innovations":[109,175],"over":[110],"prior":[111],"work":[112],"symbiotic":[114,177],"scheduling:":[116],"(i)":[117],"it":[118,126,133,146,153,170],"does":[119],"(ii)":[125],"readjusts":[127],"continuously,":[131],"(iii)":[132],"evaluates":[134],"large":[136],"co-schedules":[140],"at":[141],"very":[142],"low":[143],"overhead,":[144],"(iv)":[145],"driven":[149],"heuristics,":[151],"(v)":[152],"can":[154],"optimize":[155],"target":[158],"interest":[160],"(e.g.,":[161],"throughput":[163],"turnaround":[166,209,237],"time),":[167],"(vi)":[169],"preserves":[171],"These":[174],"make":[176],"both":[180],"practical":[181],"effective.":[183],"Our":[184],"experimental":[185],"evaluation,":[186],"assumes":[188],"realistic":[190],"scenario":[191],"come":[195],"go,":[197],"reports":[198],"an":[199,227],"average":[200,228],"16%":[201],"(and":[202,230],"up":[203,231],"35%)":[205],"reduction":[206,234],"time":[210,238],"compared":[211],"SOS":[216],"(sample,":[217],"optimize,":[218],"symbios)":[219],"approach":[220],"for":[221,239],"two-thread":[223],"SMT":[224,242],"processor,":[225],"19%":[229],"45%)":[233],"four-thread":[241],"processor.":[243]},"abstract_inverted_index_v3":null,"cited_by_api_url":"https://api.openalex.org/works?filter=cites:W2999459139","counts_by_year":[{"year":2021,"cited_by_count":1},{"year":2020,"cited_by_count":1},{"year":2019,"cited_by_count":1},{"year":2017,"cited_by_count":1},{"year":2016,"cited_by_count":1},{"year":2014,"cited_by_count":2}],"updated_date":"2025-05-16T08:16:35.577640","created_date":"2020-01-23"},{"id":"https://openalex.org/W2102382208","doi":"https://doi.org/10.1145/2207222.2207223","title":"Probabilistic modeling for job symbiosis scheduling on SMT processors","display_name":"Probabilistic modeling for job symbiosis scheduling on SMT processors","relevance_score":184.93521,"publication_year":2012,"publication_date":"2012-06-01","ids":{"openalex":"https://openalex.org/W2102382208","doi":"https://doi.org/10.1145/2207222.2207223","mag":"2102382208"},"language":"en","primary_location":{"is_oa":true,"landing_page_url":"https://doi.org/10.1145/2207222.2207223","pdf_url":"https://dl.acm.org/doi/pdf/10.1145/2207222.2207223","source":{"id":"https://openalex.org/S26056741","display_name":"ACM Transactions on Architecture and Code Optimization","issn_l":"1544-3566","issn":["1544-3566","1544-3973"],"is_oa":true,"is_in_doaj":false,"is_indexed_in_scopus":true,"is_core":true,"host_organization":"https://openalex.org/P4310319798","host_organization_name":"Association for Computing Machinery","host_organization_lineage":["https://openalex.org/P4310319798"],"host_organization_lineage_names":["Association for Computing Machinery"],"type":"journal"},"license":null,"license_id":null,"version":"publishedVersion","is_accepted":true,"is_published":true},"type":"article","type_crossref":"journal-article","indexed_in":["crossref"],"open_access":{"is_oa":true,"oa_status":"bronze","oa_url":"https://dl.acm.org/doi/pdf/10.1145/2207222.2207223","any_repository_has_fulltext":true},"authorships":[{"author_position":"first","author":{"id":"https://openalex.org/A5057014492","display_name":"Stijn Eyerman","orcid":"https://orcid.org/0000-0002-2587-7541"},"institutions":[{"id":"https://openalex.org/I2801227569","display_name":"Ghent University Hospital","ror":"https://ror.org/00xmkp704","country_code":"BE","type":"healthcare","lineage":["https://openalex.org/I2801227569"]}],"countries":["BE"],"is_corresponding":false,"raw_author_name":"Stijn Eyerman","raw_affiliation_strings":["Ghent University, Belgium"],"affiliations":[{"raw_affiliation_string":"Ghent University, Belgium","institution_ids":["https://openalex.org/I2801227569"]}]},{"author_position":"last","author":{"id":"https://openalex.org/A5033119975","display_name":"Lieven Eeckhout","orcid":"https://orcid.org/0000-0001-8792-4473"},"institutions":[{"id":"https://openalex.org/I2801227569","display_name":"Ghent University Hospital","ror":"https://ror.org/00xmkp704","country_code":"BE","type":"healthcare","lineage":["https://openalex.org/I2801227569"]}],"countries":["BE"],"is_corresponding":false,"raw_author_name":"Lieven Eeckhout","raw_affiliation_strings":["Ghent University, Belgium"],"affiliations":[{"raw_affiliation_string":"Ghent University, Belgium","institution_ids":["https://openalex.org/I2801227569"]}]}],"institution_assertions":[],"countries_distinct_count":1,"institutions_distinct_count":1,"corresponding_author_ids":[],"corresponding_institution_ids":[],"apc_list":null,"apc_paid":null,"fwci":1.133,"has_fulltext":true,"fulltext_origin":"pdf","cited_by_count":5,"citation_normalized_percentile":{"value":0.749489,"is_in_top_1_percent":false,"is_in_top_10_percent":false},"cited_by_percentile_year":{"min":80,"max":81},"biblio":{"volume":"9","issue":"2","first_page":"1","last_page":"27"},"is_retracted":false,"is_paratext":false,"primary_topic":{"id":"https://openalex.org/T10054","display_name":"Parallel Computing and Optimization Techniques","score":1.0,"subfield":{"id":"https://openalex.org/subfields/1708","display_name":"Hardware and Architecture"},"field":{"id":"https://openalex.org/fields/17","display_name":"Computer Science"},"domain":{"id":"https://openalex.org/domains/3","display_name":"Physical Sciences"}},"topics":[{"id":"https://openalex.org/T10054","display_name":"Parallel Computing and Optimization Techniques","score":1.0,"subfield":{"id":"https://openalex.org/subfields/1708","display_name":"Hardware and Architecture"},"field":{"id":"https://openalex.org/fields/17","display_name":"Computer Science"},"domain":{"id":"https://openalex.org/domains/3","display_name":"Physical Sciences"}},{"id":"https://openalex.org/T10715","display_name":"Distributed and Parallel Computing Systems","score":0.9992,"subfield":{"id":"https://openalex.org/subfields/1705","display_name":"Computer Networks and Communications"},"field":{"id":"https://openalex.org/fields/17","display_name":"Computer Science"},"domain":{"id":"https://openalex.org/domains/3","display_name":"Physical Sciences"}},{"id":"https://openalex.org/T10101","display_name":"Cloud Computing and Resource Management","score":0.9973,"subfield":{"id":"https://openalex.org/subfields/1710","display_name":"Information Systems"},"field":{"id":"https://openalex.org/fields/17","display_name":"Computer Science"},"domain":{"id":"https://openalex.org/domains/3","display_name":"Physical Sciences"}}],"keywords":[{"id":"https://openalex.org/keywords/turnaround-time","display_name":"Turnaround time","score":0.71523947},{"id":"https://openalex.org/keywords/heuristics","display_name":"Heuristics","score":0.6813022}],"concepts":[{"id":"https://openalex.org/C41008148","wikidata":"https://www.wikidata.org/wiki/Q21198","display_name":"Computer science","level":0,"score":0.81948686},{"id":"https://openalex.org/C176553487","wikidata":"https://www.wikidata.org/wiki/Q7855819","display_name":"Turnaround time","level":2,"score":0.71523947},{"id":"https://openalex.org/C127705205","wikidata":"https://www.wikidata.org/wiki/Q5748245","display_name":"Heuristics","level":2,"score":0.6813022},{"id":"https://openalex.org/C206729178","wikidata":"https://www.wikidata.org/wiki/Q2271896","display_name":"Scheduling (production processes)","level":2,"score":0.6070589},{"id":"https://openalex.org/C49937458","wikidata":"https://www.wikidata.org/wiki/Q2599292","display_name":"Probabilistic logic","level":2,"score":0.5975173},{"id":"https://openalex.org/C138101251","wikidata":"https://www.wikidata.org/wiki/Q213092","display_name":"Thread (computing)","level":2,"score":0.5810733},{"id":"https://openalex.org/C111873713","wikidata":"https://www.wikidata.org/wiki/Q1641413","display_name":"Job scheduler","level":3,"score":0.47618428},{"id":"https://openalex.org/C120314980","wikidata":"https://www.wikidata.org/wiki/Q180634","display_name":"Distributed computing","level":1,"score":0.47337383},{"id":"https://openalex.org/C173608175","wikidata":"https://www.wikidata.org/wiki/Q232661","display_name":"Parallel computing","level":1,"score":0.3834041},{"id":"https://openalex.org/C111919701","wikidata":"https://www.wikidata.org/wiki/Q9135","display_name":"Operating system","level":1,"score":0.17528465},{"id":"https://openalex.org/C126255220","wikidata":"https://www.wikidata.org/wiki/Q141495","display_name":"Mathematical optimization","level":1,"score":0.116773665},{"id":"https://openalex.org/C154945302","wikidata":"https://www.wikidata.org/wiki/Q11660","display_name":"Artificial intelligence","level":1,"score":0.11551806},{"id":"https://openalex.org/C79974875","wikidata":"https://www.wikidata.org/wiki/Q483639","display_name":"Cloud computing","level":2,"score":0.0},{"id":"https://openalex.org/C33923547","wikidata":"https://www.wikidata.org/wiki/Q395","display_name":"Mathematics","level":0,"score":0.0}],"mesh":[],"locations_count":2,"locations":[{"is_oa":true,"landing_page_url":"https://doi.org/10.1145/2207222.2207223","pdf_url":"https://dl.acm.org/doi/pdf/10.1145/2207222.2207223","source":{"id":"https://openalex.org/S26056741","display_name":"ACM Transactions on Architecture and Code Optimization","issn_l":"1544-3566","issn":["1544-3566","1544-3973"],"is_oa":true,"is_in_doaj":false,"is_indexed_in_scopus":true,"is_core":true,"host_organization":"https://openalex.org/P4310319798","host_organization_name":"Association for Computing Machinery","host_organization_lineage":["https://openalex.org/P4310319798"],"host_organization_lineage_names":["Association for Computing Machinery"],"type":"journal"},"license":null,"license_id":null,"version":"publishedVersion","is_accepted":true,"is_published":true},{"is_oa":true,"landing_page_url":"http://citeseerx.ist.psu.edu/viewdoc/summary?doi=10.1.1.308.3569","pdf_url":"http://users.elis.ugent.be/~leeckhou/papers/taco12_2.pdf","source":{"id":"https://openalex.org/S4306400349","display_name":"CiteSeer X (The Pennsylvania State University)","issn_l":null,"issn":null,"is_oa":true,"is_in_doaj":false,"is_indexed_in_scopus":false,"is_core":false,"host_organization":"https://openalex.org/I130769515","host_organization_name":"Pennsylvania State University","host_organization_lineage":["https://openalex.org/I130769515"],"host_organization_lineage_names":["Pennsylvania State University"],"type":"repository"},"license":null,"license_id":null,"version":"submittedVersion","is_accepted":false,"is_published":false}],"best_oa_location":{"is_oa":true,"landing_page_url":"https://doi.org/10.1145/2207222.2207223","pdf_url":"https://dl.acm.org/doi/pdf/10.1145/2207222.2207223","source":{"id":"https://openalex.org/S26056741","display_name":"ACM Transactions on Architecture and Code Optimization","issn_l":"1544-3566","issn":["1544-3566","1544-3973"],"is_oa":true,"is_in_doaj":false,"is_indexed_in_scopus":true,"is_core":true,"host_organization":"https://openalex.org/P4310319798","host_organization_name":"Association for Computing Machinery","host_organization_lineage":["https://openalex.org/P4310319798"],"host_organization_lineage_names":["Association for Computing Machinery"],"type":"journal"},"license":null,"license_id":null,"version":"publishedVersion","is_accepted":true,"is_published":true},"sustainable_development_goals":[{"id":"https://metadata.un.org/sdg/8","display_name":"Decent work and economic growth","score":0.45}],"grants":[{"funder":"https://openalex.org/F4320322603","funder_display_name":"Universiteit Gent","award_id":"01J14407 and 01Z04109"},{"funder":"https://openalex.org/F4320334960","funder_display_name":"Seventh Framework Programme","award_id":"259295"}],"datasets":[],"versions":[],"referenced_works_count":38,"referenced_works":["https://openalex.org/W141689758","https://openalex.org/W163778977","https://openalex.org/W1860590114","https://openalex.org/W1985089255","https://openalex.org/W1985539519","https://openalex.org/W1987275546","https://openalex.org/W1995254820","https://openalex.org/W2011024076","https://openalex.org/W2085830671","https://openalex.org/W2102621631","https://openalex.org/W2103397328","https://openalex.org/W2103789410","https://openalex.org/W2106625514","https://openalex.org/W2108977887","https://openalex.org/W2112067212","https://openalex.org/W2118532220","https://openalex.org/W2119556945","https://openalex.org/W2120230074","https://openalex.org/W2126364467","https://openalex.org/W2129381159","https://openalex.org/W2129548165","https://openalex.org/W2134323253","https://openalex.org/W2138708064","https://openalex.org/W2140057257","https://openalex.org/W2143322909","https://openalex.org/W2143773524","https://openalex.org/W2153456949","https://openalex.org/W2155396321","https://openalex.org/W2168452045","https://openalex.org/W2171539112","https://openalex.org/W3112784795","https://openalex.org/W3141739369","https://openalex.org/W4210750868","https://openalex.org/W4238816702","https://openalex.org/W4243704263","https://openalex.org/W4245124044","https://openalex.org/W4252076096","https://openalex.org/W4253795537"],"related_works":["https://openalex.org/W4309344469","https://openalex.org/W2909143164","https://openalex.org/W2605582854","https://openalex.org/W2368323020","https://openalex.org/W2291191244","https://openalex.org/W2159578300","https://openalex.org/W2131830066","https://openalex.org/W2035324862","https://openalex.org/W1992029172","https://openalex.org/W1949686329"],"abstract_inverted_index":{"Symbiotic":[0],"job":[1,56,103,115,129,165,178,208,236],"scheduling":[2,179],"improves":[3],"simultaneous":[4],"multithreading":[5],"(SMT)":[6],"processor":[7],"performance":[8,157],"by":[9,150],"coscheduling":[10],"jobs":[11,62,194],"that":[12],"have":[13],"\u201ccompatible\u201d":[14],"demands":[15],"on":[16],"the":[17,73,128,213],"processor's":[18],"shared":[19],"resources.":[20],"Existing":[21],"approaches":[22],"however":[23],"require":[24,121],"a":[25,29,87,122,135,156,189,222,240],"sampling":[26,123],"phase,":[27,124],"evaluate":[28],"limited":[30],"number":[31,137],"of":[32,138,159],"possible":[33,139],"coschedules,":[34],"use":[35],"heuristics":[36],"to":[37,75,96,204,212,232],"gauge":[38],"symbiosis,":[39],"are":[40],"rigid":[41],"in":[42,99,113,192,207,235],"their":[43],"optimization":[44],"target,":[45],"and":[46,168,182,196,226],"do":[47],"not":[48,120,148],"preserve":[49],"system-level":[50,172],"priorities/shares.":[51,173],"This":[52],"article":[53],"proposes":[54],"probabilistic":[55],"symbiosis":[57,68,104],"modeling,":[58],"which":[59,80,187,193],"predicts":[60],"whether":[61],"will":[63],"create":[64],"positive":[65],"or":[66,164],"negative":[67],"when":[69],"coscheduled":[70],"without":[71],"requiring":[72],"coschedule":[74,130],"be":[76,97],"evaluated.":[77],"The":[78],"model,":[79],"uses":[81],"per-thread":[82],"cycle":[83,90],"stacks":[84],"computed":[85],"through":[86],"previously":[88,214],"proposed":[89,215],"accounting":[91],"architecture,":[92],"is":[93,147],"simple":[94],"enough":[95],"used":[98],"system":[100,162],"software.":[101],"Probabilistic":[102],"modeling":[105],"provides":[106],"six":[107],"key":[108],"innovations":[109,175],"over":[110],"prior":[111],"work":[112],"symbiotic":[114,177],"scheduling:":[116],"(i)":[117],"it":[118,126,133,146,153,170],"does":[119],"(ii)":[125],"readjusts":[127],"continuously,":[131],"(iii)":[132],"evaluates":[134],"large":[136],"coschedules":[140],"at":[141],"very":[142],"low":[143],"overhead,":[144],"(iv)":[145],"driven":[149],"heuristics,":[151],"(v)":[152],"can":[154],"optimize":[155],"target":[158],"interest":[160],"(e.g.,":[161],"throughput":[163],"turnaround":[166,209,237],"time),":[167],"(vi)":[169],"preserves":[171],"These":[174],"make":[176],"both":[180],"practical":[181],"effective.":[183],"Our":[184],"experimental":[185],"evaluation,":[186],"assumes":[188],"realistic":[190],"scenario":[191],"come":[195],"go,":[197],"reports":[198],"an":[199,227],"average":[200,228],"16%":[201],"(and":[202,230],"up":[203,231],"35%)":[205],"reduction":[206,234],"time":[210,238],"compared":[211],"SOS":[216],"(sample,":[217],"optimize,":[218],"symbios)":[219],"approach":[220],"for":[221,239],"two-thread":[223],"SMT":[224,242],"processor,":[225],"19%":[229],"45%)":[233],"four-thread":[241],"processor.":[243]},"abstract_inverted_index_v3":null,"cited_by_api_url":"https://api.openalex.org/works?filter=cites:W2102382208","counts_by_year":[{"year":2018,"cited_by_count":1},{"year":2016,"cited_by_count":1},{"year":2015,"cited_by_count":1},{"year":2014,"cited_by_count":2}],"updated_date":"2025-05-19T23:33:54.343725","created_date":"2016-06-24"}],"group_by":[]}
